time,CurVolume,AskPrice1,AskVolume1,BidPrice1,BidVolume1,AskPrice2,AskVolume2,BidPrice2,BidVolume2,TotalBidQty,TotalOfferQty,LastPrice,BuyPrice,LogReturn2
2023-11-01 09:30:00,25771621,11.43,88431836.0,11.28,62206585.0,11.44,122597008.0,11.27,90194900.0,3962355285,5825995568,11.4,11.33,0.026443382530905002
2023-11-01 10:00:00,8459144,11.42,65280875.0,11.32,79649902.0,11.43,88389076.0,11.31,154448231.0,4417538037,7620043619,11.33,11.34,-0.035335725813108
2023-11-01 10:30:00,6104520,11.36,57993980.0,11.32,91910580.0,11.37,99200200.0,11.31,177903100.0,4701851280,7998508174,11.34,11.33,-0.044228289700019005
2023-11-01 11:00:00,4770500,11.35,97934000.0,11.31,135770600.0,11.36,152860400.0,11.3,202925200.0,4858210700,8389071386,11.33,11.32,0.00883002264878
2023-11-01 11:30:00,1600,11.33,6351000.0,11.32,1767000.0,11.34,2454000.0,11.31,12603000.0,247641000,426958710,11.32,11.32,0.00883002264878
2023-11-01 12:00:00,0,11.33,6351000.0,11.32,1767000.0,11.34,2454000.0,11.31,12603000.0,247641000,426958710,11.32,11.32,0.00883002264878
2023-11-01 12:30:00,0,11.33,6351000.0,11.32,1767000.0,11.34,2454000.0,11.31,12603000.0,247641000,426958710,11.32,11.37,-0.035242327225297
2023-11-01 13:00:00,7255560,11.4,68007391.0,11.3,76644020.0,11.41,131539937.0,11.29,139570220.0,5145757940,8667926026,11.37,11.35,-0.026466711523749
2023-11-01 13:30:00,4805400,11.38,45545500.0,11.32,50086100.0,11.39,101042628.0,11.31,132503100.0,5091490700,9003063802,11.35,11.35,-0.061864978574988
2023-11-01 14:00:00,3143800,11.37,79185100.0,11.34,79442600.0,11.38,111744400.0,11.33,130275700.0,5028850500,9013796303,11.35,11.34,-0.053050522296929005
2023-11-01 14:30:00,5706532,11.36,64331975.0,11.32,76621578.0,11.37,145678120.0,11.31,142406272.0,4050977250,8091749645,11.34,11.36,-0.106195688274604
2023-11-02 09:30:00,16216211,11.43,71945485.0,11.31,59264137.0,11.44,137748401.0,11.3,92229821.0,2907462558,7069023196,11.36,11.3,-0.160574368958585
2023-11-02 10:00:00,8034700,11.37,134479100.0,11.29,147287800.0,11.38,147207400.0,11.28,244618100.0,3322439700,9246133390,11.3,11.28,-0.062250089858442
2023-11-02 10:30:00,4417000,11.33,42869400.0,11.28,145233200.0,11.34,93899574.0,11.27,229472800.0,3622380700,9211780651,11.28,11.33,-0.07975230574369799
2023-11-02 11:00:00,4835320,11.34,84366500.0,11.28,102561220.0,11.35,123286400.0,11.27,145586700.0,3858623820,9259302400,11.33,11.33,-0.070859463894858
2023-11-02 11:30:00,3400,11.33,996000.0,11.32,11742000.0,11.34,7389000.0,11.31,3912000.0,217005000,454770570,11.33,11.33,-0.061974523283705
2023-11-02 12:00:00,0,11.33,996000.0,11.32,11742000.0,11.34,7389000.0,11.31,3912000.0,217005000,454770570,11.33,11.33,-0.061974523283705
2023-11-02 12:30:00,0,11.33,996000.0,11.32,11742000.0,11.34,7389000.0,11.31,3912000.0,217005000,454770570,11.33,11.32,-0.053144500634925
2023-11-02 13:00:00,4954402,11.35,56397459.0,11.3,110575569.0,11.36,114483300.0,11.29,157690800.0,4361860869,9036140968,11.32,11.28,-0.044424773195612
2023-11-02 13:30:00,4258400,11.34,34076198.0,11.28,107974884.0,11.35,92876300.0,11.27,255026968.0,4317972352,9033989678,11.28,11.28,-0.044424773195612
2023-11-02 14:00:00,4878894,11.31,77024600.0,11.28,173282855.0,11.32,122688300.0,11.27,255882330.0,3888091544,9284174328,11.28,11.24,0.0
2023-11-02 14:30:00,10618406,11.3,117162040.0,11.22,200239980.0,11.31,136052600.0,0.0,239496930.0,2910148910,8209752036,11.24,11.12,0.125113338891078
2023-11-03 09:30:00,28061201,11.27,79229734.0,11.07,120889409.0,11.28,134857942.0,11.06,210729734.0,3386310363,6545775946,11.12,11.21,0.393579438382776
2023-11-03 10:00:00,18727491,11.28,69878568.0,11.1,53871064.0,11.29,80136244.0,11.09,75687949.0,5097619285,6919737107,11.21,11.24,0.6208890405694101
2023-11-03 10:30:00,8284761,11.28,67983784.0,11.2,53122460.0,11.29,126604966.0,11.19,68530561.0,5885236803,7407824212,11.24,11.25,0.6453852113757149
2023-11-03 11:00:00,3701400,11.26,53439650.0,11.22,84922900.0,11.27,101168400.0,11.21,131023800.0,6653773841,7810755366,11.25,11.26,0.628163463278785
2023-11-03 11:30:00,3000,11.26,2946000.0,11.25,141000.0,11.27,7854000.0,11.24,2241000.0,338173770,381707520,11.26,11.26,0.6198196997575911
2023-11-03 12:00:00,0,11.26,2946000.0,11.25,141000.0,11.27,7854000.0,11.24,2241000.0,338173770,381707520,11.26,11.26,0.6198196997575911
2023-11-03 12:30:00,0,11.26,2946000.0,11.25,141000.0,11.27,7854000.0,11.24,2241000.0,338173770,381707520,11.26,11.23,0.6464982393695171
2023-11-03 13:00:00,5438783,11.28,84539074.0,11.23,103644968.0,11.29,171531106.0,11.22,96471200.0,7060276868,8051833751,11.23,11.23,0.59628892886852
2023-11-03 13:30:00,4632800,11.25,78297192.0,11.21,130296100.0,11.26,163064036.0,11.2,217558500.0,6840730800,8479266430,11.23,11.24,0.6041526349891101
2023-11-03 14:00:00,5754400,11.27,178420737.0,11.23,170168900.0,11.28,324344079.0,11.22,224605700.0,6861031900,8511137516,11.24,11.26,0.586374852529116
2023-11-03 14:30:00,7114262,11.27,90041558.0,11.23,152119014.0,11.28,311745814.0,11.22,283948852.0,5565922800,7601398764,11.26,11.66,0.27074411764957
2023-11-06 09:30:00,64655474,11.68,82632318.0,11.42,71846910.0,11.69,179569114.0,11.41,104615138.0,4701414142,8870673215,11.66,11.96,0.07496911414178001
2023-11-06 10:00:00,58817169,12.07,145413232.0,11.65,63360174.0,12.08,207799797.0,11.64,88231723.0,6366407073,8627453545,11.96,12.0,-0.025031302181184004
2023-11-06 10:30:00,20330000,12.05,51332369.0,11.88,29350680.0,12.06,94520317.0,11.87,37479820.0,6954338960,9992736905,12.0,11.99,-0.008343763521194
2023-11-06 11:00:00,10413965,12.07,57703341.0,11.94,43107002.0,12.08,122042345.0,11.93,67816382.0,7342434046,10573069369,11.99,11.98,-0.05020931050099701
2023-11-06 11:30:00,12300,11.99,1311000.0,11.98,261000.0,12.0,13575000.0,11.97,204000.0,360739350,558806820,11.98,11.98,-0.058602093200946996
2023-11-06 12:00:00,0,11.99,1311000.0,11.98,261000.0,12.0,13575000.0,11.97,204000.0,360739350,558806820,11.98,11.98,-0.058602093200946996
2023-11-06 12:30:00,0,11.99,1311000.0,11.98,261000.0,12.0,13575000.0,11.97,204000.0,360739350,558806820,11.98,11.92,-0.00839278269995
2023-11-06 13:00:00,9651800,12.0,28971660.0,11.89,37277580.0,12.01,55934700.0,11.88,71281080.0,7188848080,11961023960,11.92,11.94,-0.050377940299570004
2023-11-06 13:30:00,7896500,11.97,51501400.0,11.88,59498740.0,11.98,74304300.0,11.87,58042800.0,7236077932,12749446300,11.94,11.94,-0.041963972617655
2023-11-06 14:00:00,7659101,11.97,89663376.0,11.91,104547731.0,11.98,136523935.0,11.9,127015930.0,7438973201,13215222185,11.94,11.98,-0.008350731174213
2023-11-06 14:30:00,14374163,11.98,120982170.0,11.91,143458769.0,11.99,215801116.0,11.9,206564296.0,6231881831,11633508246,11.98,12.05,-0.09170551972207999
2023-11-07 09:30:00,79052345,12.18,62313145.0,11.97,59764776.0,12.19,105529296.0,11.96,121508258.0,6565441201,15094782859,12.05,11.97,0.149256502166754
2023-11-07 10:00:00,20023686,12.08,72253560.0,11.95,122424033.0,12.09,112586700.0,11.94,202727629.0,6231715007,16857623686,11.97,11.98,0.14090577099254
2023-11-07 10:30:00,10309500,12.01,83696868.0,11.94,133029945.0,12.02,165887300.0,11.93,191646820.0,6195451685,17283120168,11.98,11.92,0.21577600644547099
2023-11-07 11:00:00,11557293,12.0,89734693.0,11.9,83521967.0,12.01,88371899.0,11.89,166964600.0,5861527967,17372322657,11.92,11.91,0.20773493170812296
2023-11-07 11:30:00,5300,11.92,5085000.0,11.91,6432000.0,11.93,3600000.0,11.9,15156000.0,278823000,884860110,11.91,11.91,0.20773493170812296
2023-11-07 12:00:00,0,11.92,5085000.0,11.91,6432000.0,11.93,3600000.0,11.9,15156000.0,278823000,884860110,11.91,11.91,0.20773493170812296
2023-11-07 12:30:00,0,11.92,5085000.0,11.91,6432000.0,11.93,3600000.0,11.9,15156000.0,278823000,884860110,11.91,11.88,0.23295562603522002
2023-11-07 13:00:00,12810716,11.94,145211456.0,11.86,112466224.0,11.95,157319000.0,11.85,200810652.0,5751532476,17900718245,11.88,11.89,0.158534818039783
2023-11-07 13:30:00,7538977,11.91,156388887.0,11.86,105284289.0,11.92,238912400.0,11.85,229339241.0,6460287030,17775059753,11.89,11.97,0.058309203107928996
2023-11-07 14:00:00,9474200,12.0,106021316.0,11.88,97247482.0,12.01,167895210.0,11.87,147541400.0,6830337082,17134513172,11.97,11.94,0.116570845422128
2023-11-07 14:30:00,9353800,11.99,58994800.0,11.91,84944500.0,12.0,96487800.0,0.0,177330300.0,5347676500,15090052320,11.94,12.15,-0.016474468305984
2023-11-08 09:30:00,58993267,12.26,75884957.0,11.81,57603041.0,12.27,126024139.0,11.8,91276547.0,6114695732,9251949604,12.15,12.15,-0.082645098498934
2023-11-08 10:00:00,12608682,12.17,62135595.0,12.08,61936680.0,12.18,117209778.0,12.07,113675413.0,7117921933,14068634060,12.15,12.18,-0.140556261898585
2023-11-08 10:30:00,12207907,12.2,159326210.0,12.12,67575209.0,12.21,322114515.0,12.11,96307578.0,7496331987,14926108182,12.18,12.16,-0.124122404461286
2023-11-08 11:00:00,7127972,12.2,162969194.0,12.15,86217200.0,12.21,360412026.0,12.14,103525400.0,7490074000,15173069933,12.16,12.16,-0.115799474309596
2023-11-08 11:30:00,0,12.16,8118000.0,12.15,7602000.0,12.17,2190000.0,12.14,5913000.0,365463000,780617070,12.16,12.16,-0.115799474309596
2023-11-08 12:00:00,0,12.16,8118000.0,12.15,7602000.0,12.17,2190000.0,12.14,5913000.0,365463000,780617070,12.16,12.16,-0.115799474309596
2023-11-08 12:30:00,0,12.16,8118000.0,12.15,7602000.0,12.17,2190000.0,12.14,5913000.0,365463000,780617070,12.16,12.08,-0.049792633996075
2023-11-08 13:00:00,8977920,12.16,65073176.0,12.06,120095406.0,12.17,109722514.0,12.05,207991196.0,6871812302,16455227037,12.08,12.04,-0.058309203107928996
2023-11-08 13:30:00,9463649,12.1,80215334.0,12.03,81074829.0,12.11,208028887.0,12.02,117895961.0,6477961051,16650635668,12.04,12.08,-0.091476729367867
2023-11-08 14:00:00,10833103,12.08,153223200.0,12.0,114936365.0,12.09,264382525.0,11.99,253607640.0,6214223199,16501098005,12.08,12.13,-0.14113974433473
2023-11-08 14:30:00,12597003,12.15,142394012.0,12.06,82382305.0,12.16,189192714.0,12.05,80320263.0,5512564720,13681384501,12.13,12.05,-0.06661140366782001
2023-11-09 09:30:00,35571339,12.15,39926314.0,11.94,48277359.0,12.16,56766074.0,11.93,85996868.0,4340178727,7578229515,12.05,12.01,-0.16793005882621298
2023-11-09 10:00:00,9459139,12.06,44272001.0,11.97,121899118.0,12.07,34180200.0,11.96,145249858.0,5461777076,9763658827,12.01,12.01,-0.193364578684516
2023-11-09 10:30:00,5865400,12.06,36709237.0,11.98,38230649.0,12.07,31757500.0,11.97,55774500.0,5579690049,10307775737,12.01,12.02,-0.201687508836205
2023-11-09 11:00:00,4065952,12.06,38108489.0,11.99,46106361.0,12.07,44578355.0,11.98,69680879.0,5704000240,10511217944,12.02,12.02,-0.16778917129108997
2023-11-09 11:30:00,0,12.03,930000.0,12.02,177000.0,12.04,6153000.0,12.01,2932440.0,286255440,525572340,12.02,12.02,-0.16778917129108997
2023-11-09 12:00:00,0,12.03,930000.0,12.02,177000.0,12.04,6153000.0,12.01,2932440.0,286255440,525572340,12.02,12.02,-0.16778917129108997
2023-11-09 12:30:00,0,12.03,930000.0,12.02,177000.0,12.04,6153000.0,12.01,2932440.0,286255440,525572340,12.02,11.97,-0.126105075919298
2023-11-09 13:00:00,5044360,12.02,69291595.0,11.97,131567690.0,12.03,106625899.0,11.96,167656678.0,5646691968,10780723754,11.97,11.97,-0.11764841579586699
2023-11-09 13:30:00,7374654,12.0,50542465.0,11.93,84874521.0,12.01,65413746.0,11.92,199543786.0,5678897412,11171191623,11.97,11.96,-0.092398809413456
2023-11-09 14:00:00,6530210,11.97,51024002.0,11.92,151165394.0,11.98,52708030.0,11.91,335159292.0,5813372534,11205870946,11.96,11.97,-0.06705808867191601
2023-11-09 14:30:00,6885219,11.98,56510056.0,11.94,73460951.0,11.99,96890595.0,11.93,166531788.0,5297289750,9948356944,11.97,11.81,0.059096837252279
2023-11-10 09:30:00,22617860,11.92,47263120.0,11.76,83283668.0,11.93,62604781.0,11.75,153566472.0,3819909916,6235141891,11.81,11.78,-0.09381731924976
2023-11-10 10:00:00,11288577,11.83,59686384.0,11.74,64658342.0,11.84,55227182.0,11.73,124429269.0,4987431016,7120920923,11.78,11.78,-0.11096998211730799
2023-11-10 10:30:00,4635064,11.8,44015180.0,11.75,64135233.0,11.81,56156300.0,11.74,148449591.0,5789733772,7511800880,11.78,11.82,-0.144868319662423
2023-11-10 11:00:00,5790900,11.82,124659400.0,11.76,54267400.0,11.83,101116100.0,11.75,119297000.0,6120903200,7738601800,11.82,11.82,-0.084962278290854
2023-11-10 11:30:00,1900,11.82,4110000.0,11.81,15000.0,11.83,6513000.0,11.8,1929000.0,307939830,374253000,11.82,11.82,-0.084962278290854
2023-11-10 12:00:00,0,11.82,4110000.0,11.81,15000.0,11.83,6513000.0,11.8,1929000.0,307939830,374253000,11.82,11.82,-0.084962278290854
2023-11-10 12:30:00,0,11.82,4110000.0,11.81,15000.0,11.83,6513000.0,11.8,1929000.0,307939830,374253000,11.82,11.83,-0.093418938414284
2023-11-10 13:00:00,4586931,11.84,90696841.0,11.78,20905104.0,11.85,163374820.0,11.77,77535800.0,6451271704,7949072858,11.83,11.85,-0.127390257774298
2023-11-10 13:30:00,5857856,11.87,218467652.0,11.8,41326732.0,11.88,190120480.0,11.79,102083700.0,6463999932,8167203432,11.85,11.89,-0.11844470112522201
2023-11-10 14:00:00,7520200,11.92,92547660.0,11.83,73634948.0,11.93,103611192.0,11.82,143123000.0,6275017348,7728259302,11.89,11.88,-0.144131363248729
2023-11-10 14:30:00,6982903,11.92,44153368.0,11.86,80946234.0,11.93,83227010.0,11.85,127589831.0,4829520005,6706423900,11.88,11.67,0.042753378504021
2023-11-13 09:30:00,27607380,11.86,73786374.0,11.64,112524120.0,11.87,98223134.0,11.63,174863195.0,4003045080,5770394907,11.67,11.65,0.076956343882406
2023-11-13 10:00:00,11308946,11.69,78643304.0,11.62,116668282.0,11.7,117317480.0,11.61,184613636.0,4809020518,6940035285,11.65,11.65,0.093977624587711
2023-11-13 10:30:00,5305500,11.69,95361640.0,11.64,179163040.0,11.7,126173808.0,11.63,252109520.0,5803857560,7470942097,11.65,11.72,0.017050302510837
2023-11-13 11:00:00,5057410,11.73,187221188.0,11.65,108051182.0,11.74,115887100.0,11.64,217800840.0,6487239108,7622945688,11.72,11.72,0.0
2023-11-13 11:30:00,0,11.72,243000.0,11.71,1332000.0,11.73,4701000.0,11.7,5898000.0,336717900,357166530,11.72,11.72,0.0
2023-11-13 12:00:00,0,11.72,243000.0,11.71,1332000.0,11.73,4701000.0,11.7,5898000.0,336717900,357166530,11.72,11.72,0.0
2023-11-13 12:30:00,0,11.72,243000.0,11.71,1332000.0,11.73,4701000.0,11.7,5898000.0,336717900,357166530,11.72,11.7,0.017079423451562
2023-11-13 13:00:00,3173800,11.73,97927100.0,11.69,47977912.0,11.74,158915200.0,11.68,95044400.0,6694525382,7622013849,11.7,11.75,-0.01703577924784
2023-11-13 13:30:00,4338800,11.76,54558305.0,11.69,46260062.0,11.77,133823615.0,11.68,89410876.0,6740031938,7662676520,11.75,11.71,0.025586367903245002
2023-11-13 14:00:00,4353305,11.76,112179642.0,11.7,111973735.0,11.77,98429975.0,11.69,261091020.0,6604748095,8081523884,11.71,11.72,0.017050302510837
2023-11-13 14:30:00,5156701,11.73,100455914.0,11.7,142734300.0,11.74,106412878.0,11.69,237872630.0,5620660655,7311324780,11.72,11.74,0.034013638234902006
2023-11-14 09:30:00,18124800,11.84,69163332.0,11.68,60689400.0,11.85,88253996.0,11.67,93527800.0,4280962000,6338332416,11.74,11.76,0.17699577099400998
2023-11-14 10:00:00,7614677,11.8,112761981.0,11.72,92082098.0,11.81,89415346.0,11.71,132647407.0,5531587738,7737168367,11.76,11.74,0.26892376899088893
2023-11-14 10:30:00,6646392,11.79,90587441.0,11.72,75922918.0,11.8,76176048.0,11.71,192502571.0,5381633911,8350966362,11.74,11.72,0.252751449581944
2023-11-14 11:00:00,6893402,11.75,163572038.0,11.69,128976200.0,11.76,91986254.0,11.68,267765600.0,5318998000,8585501092,11.72,11.72,0.20270964373619102
2023-11-14 11:30:00,0,11.74,3744000.0,11.72,3393000.0,11.75,6048000.0,11.71,2232000.0,260004000,425380500,11.72,11.72,0.20270964373619102
2023-11-14 12:00:00,0,11.74,3744000.0,11.72,3393000.0,11.75,6048000.0,11.71,2232000.0,260004000,425380500,11.72,11.72,0.20270964373619102
2023-11-14 12:30:00,0,11.74,3744000.0,11.72,3393000.0,11.75,6048000.0,11.71,2232000.0,260004000,425380500,11.72,11.73,0.19418085857101802
2023-11-14 13:00:00,4873100,11.75,76041900.0,11.69,87139800.0,11.76,78160600.0,11.68,135965000.0,5288636700,8757841250,11.73,11.74,0.16054421709874098
2023-11-14 13:30:00,3471380,11.76,142097100.0,11.72,70777040.0,11.77,152453600.0,11.71,136834400.0,5311041340,9155969550,11.74,11.74,0.126958963027399
2023-11-14 14:00:00,3856001,11.74,100764500.0,11.71,179084444.0,11.75,166317300.0,11.7,253495169.0,5036519213,9168784200,11.74,11.78,0.092945324792497
2023-11-14 14:30:00,8809560,11.79,146143438.0,11.73,161242240.0,11.8,209971403.0,11.72,322460350.0,4709854660,7606906561,11.78,11.97,-0.058651194523982
2023-11-15 09:30:00,37744292,12.03,81918991.0,11.9,57728066.0,12.04,129118245.0,11.89,80548011.0,4423120362,9751174448,11.97,12.06,-0.277445286336552
2023-11-15 10:00:00,22870969,12.08,125447793.0,11.93,90872231.0,12.09,242700759.0,11.92,102446707.0,5016808138,11671264452,12.06,12.02,-0.22718688516893001
2023-11-15 10:30:00,6858300,12.06,45248000.0,12.0,79392200.0,12.07,89521575.0,11.99,112215300.0,5469283600,12488455800,12.02,11.96,-0.15164570299045202
2023-11-15 11:00:00,5523400,12.03,35318649.0,11.96,112481600.0,12.04,70550478.0,11.95,188514400.0,5679281600,13370195235,11.96,11.96,-0.15164570299045202
2023-11-15 11:30:00,8100,11.97,2859000.0,11.96,8979000.0,11.98,5637000.0,11.95,8652000.0,275961000,684520560,11.96,11.96,-0.15164570299045202
2023-11-15 12:00:00,0,11.97,2859000.0,11.96,8979000.0,11.98,5637000.0,11.95,8652000.0,275961000,684520560,11.96,11.96,-0.15164570299045202
2023-11-15 12:30:00,0,11.97,2859000.0,11.96,8979000.0,11.98,5637000.0,11.95,8652000.0,275961000,684520560,11.96,11.93,-0.126530578863839
2023-11-15 13:00:00,4517500,11.97,34940904.0,11.93,118326920.0,11.98,68747285.0,11.92,235022200.0,5677042120,14233064494,11.93,11.89,-0.016835020811138
2023-11-15 13:30:00,5900100,11.95,40075846.0,11.88,225488740.0,11.96,65993434.0,11.87,395576501.0,5356556741,14653064131,11.89,11.89,-0.016835020811138
2023-11-15 14:00:00,3385600,11.93,40678452.0,11.88,131217800.0,11.94,62496750.0,11.87,284686800.0,5000306700,14604045362,11.89,11.9,-0.050547706616241
2023-11-15 14:30:00,7434900,11.91,156810300.0,11.88,167612300.0,11.92,163710000.0,11.87,343888700.0,3700284400,13235398780,11.9,11.73,0.05949868806235101
2023-11-16 09:30:00,19620664,11.87,49955891.0,11.7,80209017.0,11.88,83263932.0,11.69,183073104.0,4364988343,6292826752,11.73,11.75,-0.111254891664032
2023-11-16 10:00:00,7311878,11.77,83870840.0,11.71,82608498.0,11.78,109025160.0,11.7,182739700.0,5736348298,7035495065,11.75,11.78,-0.145363825136404
2023-11-16 10:30:00,4483460,11.78,144266200.0,11.73,58301600.0,11.79,172246700.0,11.72,149896920.0,5955692340,7502036392,11.78,11.78,-0.128152116928674
2023-11-16 11:00:00,5684952,11.8,77170200.0,11.76,107908380.0,11.81,150725000.0,11.75,67291400.0,6172538080,7455181094,11.78,11.78,-0.128152116928674
2023-11-16 11:30:00,800,11.78,192000.0,11.77,4534440.0,11.79,5151000.0,11.76,5052000.0,302074440,374181420,11.78,11.78,-0.128152116928674
2023-11-16 12:00:00,0,11.78,192000.0,11.77,4534440.0,11.79,5151000.0,11.76,5052000.0,302074440,374181420,11.78,11.78,-0.128152116928674
2023-11-16 12:30:00,0,11.78,192000.0,11.77,4534440.0,11.79,5151000.0,11.76,5052000.0,302074440,374181420,11.78,11.87,-0.204262420910033
2023-11-16 13:00:00,7632563,11.89,123122105.0,11.77,61536437.0,11.9,171757817.0,11.76,62672246.0,6167898935,8067688431,11.87,11.87,-0.238715512699161
2023-11-16 13:30:00,4458742,11.87,119653686.0,11.83,89342682.0,11.88,213323446.0,11.82,80806900.0,6119271582,8406037123,11.87,11.84,-0.19616833746059303
2023-11-16 14:00:00,5679860,11.87,177164042.0,11.81,87584080.0,11.88,307876160.0,11.8,30380300.0,5634346580,8721400407,11.84,11.8,-0.17094433359300099
2023-11-16 14:30:00,6729899,11.84,73782600.0,11.79,71777329.0,11.85,147207400.0,0.0,105511300.0,4690689329,7679920580,11.8,11.62,0.008602151068082
2023-11-17 09:30:00,17530800,11.8,63581368.0,11.62,91126997.0,11.81,66148620.0,11.61,172871300.0,3396814597,6664759049,11.62,11.61,-0.008616975974811
2023-11-17 10:00:00,10818405,11.64,73401587.0,11.57,146041072.0,11.65,96416260.0,11.56,249140495.0,3813534072,7583540947,11.61,11.63,-0.034453091789128004
2023-11-17 10:30:00,4994849,11.65,60901300.0,11.58,50019948.0,11.66,75520100.0,11.57,113570975.0,4360034348,7842765000,11.63,11.63,-0.017211708207729
2023-11-17 11:00:00,3893561,11.64,62548700.0,11.61,99194883.0,11.65,61827000.0,11.6,139480090.0,4873137378,8116545200,11.63,11.63,0.008594757727187
2023-11-17 11:30:00,100,11.64,1290000.0,11.63,177000.0,11.65,8865000.0,11.62,3683700.0,247229550,402633000,11.63,11.63,0.0
2023-11-17 12:00:00,0,11.64,1290000.0,11.63,177000.0,11.65,8865000.0,11.62,3683700.0,247229550,402633000,11.63,11.63,0.0
2023-11-17 12:30:00,0,11.64,1290000.0,11.63,177000.0,11.65,8865000.0,11.62,3683700.0,247229550,402633000,11.63,11.59,0.034453091789128004
2023-11-17 13:00:00,6600790,11.65,61311065.0,11.58,113099095.0,11.66,52336650.0,11.57,261533610.0,5077456350,8532777343,11.59,11.61,0.0
2023-11-17 13:30:00,6221803,11.61,68726444.0,11.57,143231459.0,11.62,46344400.0,11.56,324266450.0,5058554504,8646185544,11.61,11.6,-0.008624407606587
2023-11-17 14:00:00,4569881,11.64,82256570.0,11.6,83315637.0,11.65,99322180.0,11.59,123861156.0,5088804293,8641472952,11.6,11.63,-0.060371032863417
2023-11-17 14:30:00,8125522,11.64,85760060.0,11.6,152899464.0,11.65,95280300.0,11.59,216391257.0,4514897836,7773880128,11.63,11.6,-0.025895569067340002
2023-11-20 09:30:00,19125750,11.74,76549706.0,11.56,93170413.0,11.75,134574468.0,11.55,129368450.0,3114795563,7572084234,11.6,11.59,0.471865124348971
2023-11-20 10:00:00,5867415,11.6,91485270.0,11.55,120901810.0,11.61,63821200.0,11.54,208509520.0,4253476850,8434009670,11.59,11.61,0.396843967968685
2023-11-20 10:30:00,4841700,11.63,71060200.0,11.58,66835100.0,11.64,145693600.0,11.57,118288400.0,4875428810,8583424890,11.61,11.64,0.329560876832957
2023-11-20 11:00:00,4325632,11.66,85093988.0,11.59,74560208.0,11.67,120740820.0,11.58,94012100.0,5452811908,8660431044,11.64,11.63,0.35476693406090803
2023-11-20 11:30:00,600,11.64,3012000.0,11.63,6183000.0,11.65,4572000.0,11.62,5643000.0,278546700,434750940,11.63,11.63,0.363062247684662
2023-11-20 12:00:00,0,11.64,3012000.0,11.63,6183000.0,11.65,4572000.0,11.62,5643000.0,278546700,434750940,11.63,11.63,0.363062247684662
2023-11-20 12:30:00,0,11.64,3012000.0,11.63,6183000.0,11.65,4572000.0,11.62,5643000.0,278546700,434750940,11.63,11.61,0.380273955892391
2023-11-20 13:00:00,4033153,11.65,113735818.0,11.6,117169487.0,11.66,158748998.0,11.59,156981084.0,5485692101,9213319884,11.61,11.59,0.355969787402319
2023-11-20 13:30:00,5044147,11.62,106748700.0,11.58,232626774.0,11.63,222885155.0,11.57,294537344.0,5584230018,9934191380,11.59,11.56,0.356877294430719
2023-11-20 14:00:00,5436300,11.6,182911062.0,11.56,254628355.0,11.61,251993920.0,11.55,366683933.0,5312331078,10138897999,11.56,11.57,0.28962842161623403
2023-11-20 14:30:00,8019348,11.58,119673675.0,11.55,448255336.0,11.59,177704337.0,11.54,470858240.0,4075136386,8990152220,11.57,12.15,-0.18272933676732803
2023-11-21 09:30:00,115692798,12.2,111402480.0,11.75,89489644.0,12.21,246410053.0,11.74,110005459.0,5463690696,11407418958,12.15,12.08,-0.008281573972288
2023-11-21 10:00:00,22490111,12.17,130545937.0,12.06,178836137.0,12.18,257465670.0,12.05,182137481.0,6587550574,16439384641,12.08,12.03,-0.008316008795263001
2023-11-21 10:30:00,9355040,12.08,231165145.0,12.02,149613839.0,12.09,385975573.0,12.01,180387600.0,6174828539,18533531786,12.03,12.05,-0.06661140366782001
2023-11-21 11:00:00,11727302,12.1,100179216.0,12.0,227013982.0,12.11,180134940.0,11.99,222883300.0,5749034182,19181808112,12.05,12.06,-0.06655598611736
2023-11-21 11:30:00,2800,12.06,2466000.0,12.05,315000.0,12.07,7977000.0,12.04,13992000.0,301776000,955248510,12.06,12.06,-0.06655598611736
2023-11-21 12:00:00,0,12.06,2466000.0,12.05,315000.0,12.07,7977000.0,12.04,13992000.0,301776000,955248510,12.06,12.06,-0.06655598611736
2023-11-21 12:30:00,0,12.06,2466000.0,12.05,315000.0,12.07,7977000.0,12.04,13992000.0,301776000,955248510,12.06,12.01,-0.025010434045888
2023-11-21 13:00:00,11404900,12.08,79196770.0,12.0,154064840.0,12.09,201860495.0,11.99,230061400.0,6110635540,20095389048,12.01,11.98,-0.058602093200946996
2023-11-21 13:30:00,7328800,12.01,112215360.0,11.97,125657380.0,12.02,289375720.0,11.96,221495320.0,5301139840,21294257440,11.98,11.91,0.0
2023-11-21 14:00:00,9752691,11.99,71523756.0,11.91,122083079.0,12.0,99528190.0,11.9,271389199.0,4862568956,21210766176,11.91,11.93,-0.058848425402451
2023-11-21 14:30:00,12631540,11.93,90098175.0,11.88,111015605.0,11.94,83591840.0,11.87,232924880.0,3809808285,18037086275,11.93,12.07,-0.200843571191446
2023-11-22 09:30:00,43435891,12.12,63812703.0,11.84,46530054.0,12.13,119700595.0,11.83,67247807.0,5303788757,12329184039,12.07,12.02,0.091097938488977
2023-11-22 10:00:00,32750328,12.2,75659558.0,12.02,112586214.0,12.21,129997225.0,12.01,172158188.0,7087238084,14946117079,12.02,11.97,0.132782033860769
2023-11-22 10:30:00,10653248,12.06,48426088.0,11.96,195758414.0,12.07,78860800.0,11.95,341213500.0,6500339614,16505553242,11.97,11.98,0.222873443034328
2023-11-22 11:00:00,4586000,12.0,23527086.0,11.96,57225700.0,12.01,46874700.0,11.95,164616200.0,6209099018,16685669373,11.98,11.98,0.14090577099254
2023-11-22 11:30:00,0,11.99,321000.0,11.98,2475000.0,12.0,861000.0,11.97,8268000.0,324464460,838200390,11.98,11.98,0.14090577099254
2023-11-22 12:00:00,0,11.99,321000.0,11.98,2475000.0,12.0,861000.0,11.97,8268000.0,324464460,838200390,11.98,11.98,0.14090577099254
2023-11-22 12:30:00,0,11.99,321000.0,11.98,2475000.0,12.0,861000.0,11.97,8268000.0,324464460,838200390,11.98,11.91,0.19950786419348798
2023-11-22 13:00:00,7606782,12.0,37861490.0,11.9,172125366.0,12.01,57953900.0,11.89,283935512.0,6192118590,17351274757,11.91,11.91,0.183033395887504
2023-11-22 13:30:00,5012899,11.96,86706426.0,11.9,155350633.0,11.97,128948500.0,11.89,304786161.0,5381576850,17776277146,11.91,11.86,0.249804829684414
2023-11-22 14:00:00,8663101,11.92,83665387.0,11.85,262260441.0,11.93,121885418.0,11.84,405698116.0,4788644257,17882175157,11.86,11.83,0.266904917962622
2023-11-22 14:30:00,11639480,11.88,57853173.0,11.82,141163866.0,11.89,56486500.0,11.81,239422245.0,3433904711,15521084839,11.83,12.13,0.024701535820619003
2023-11-23 09:30:00,47256075,12.15,56278425.0,11.79,35528917.0,12.16,104779026.0,11.78,58511234.0,3638078163,10699949772,12.13,12.13,0.11475535766861
2023-11-23 10:00:00,24765280,12.18,65897294.0,12.0,47220720.0,12.19,129357012.0,11.99,54278500.0,5919159319,16281728056,12.13,12.25,-0.09844214034777099
2023-11-23 10:30:00,38037719,12.29,156261487.0,12.12,89664012.0,12.3,316193850.0,12.11,91487163.0,7539497109,15248917022,12.25,12.15,0.0
2023-11-23 11:00:00,10177009,12.27,83399258.0,12.13,53177354.0,12.28,155393670.0,12.12,76517682.0,7919843636,16474740168,12.15,12.15,0.032867737066224006
2023-11-23 11:30:00,4500,12.16,951000.0,12.15,270000.0,12.17,630000.0,12.14,1856730.0,391397730,870925020,12.15,12.15,0.032867737066224006
2023-11-23 12:00:00,0,12.16,951000.0,12.15,270000.0,12.17,630000.0,12.14,1856730.0,391397730,870925020,12.15,12.15,0.032867737066224006
2023-11-23 12:30:00,0,12.16,951000.0,12.15,270000.0,12.17,630000.0,12.14,1856730.0,391397730,870925020,12.15,12.13,0.04934220537220901
2023-11-23 13:00:00,8081501,12.18,41256240.0,12.1,70313578.0,12.19,53501512.0,12.09,113055333.0,8134163011,18386096472,12.13,12.16,-0.057732119113196
2023-11-23 13:30:00,5747594,12.16,55852388.0,12.12,123385054.0,12.17,119748000.0,12.11,152341237.0,8400834220,18688619588,12.16,12.15,-0.016474468305984
2023-11-23 14:00:00,7478374,12.2,40726444.0,12.14,71900650.0,12.21,129568014.0,12.13,113814182.0,8334448760,18590025735,12.15,12.16,-0.049464239353253996
2023-11-23 14:30:00,11334099,12.18,98204030.0,12.15,140428803.0,12.19,198812598.0,12.14,263553462.0,7261725884,16679959572,12.16,12.27,-0.123002780816516
2023-11-24 09:30:00,43425413,12.29,65305873.0,12.14,75608730.0,12.3,138996805.0,12.13,83204443.0,5312429387,14008656174,12.27,12.13,-0.183033395887504
2023-11-24 10:00:00,15932100,12.3,51628912.0,12.13,71835700.0,12.31,61777422.0,12.12,138101000.0,6243625100,16619979402,12.13,12.15,-0.258455403306978
2023-11-24 10:30:00,8896566,12.17,57428010.0,12.12,201255556.0,12.18,97518800.0,12.11,271698376.0,6496492024,17941812870,12.15,12.19,-0.359120010226989
2023-11-24 11:00:00,7006284,12.23,24899640.0,12.15,40463187.0,12.24,48718700.0,12.14,86144626.0,7124793805,18046409653,12.19,12.19,-0.40172765883554
2023-11-24 11:30:00,5500,12.19,90000.0,12.18,3111000.0,12.2,4620000.0,12.17,336000.0,365748000,908071200,12.19,12.19,-0.40172765883554
2023-11-24 12:00:00,0,12.19,90000.0,12.18,3111000.0,12.2,4620000.0,12.17,336000.0,365748000,908071200,12.19,12.19,-0.40172765883554
2023-11-24 12:30:00,0,12.19,90000.0,12.18,3111000.0,12.2,4620000.0,12.17,336000.0,365748000,908071200,12.19,12.09,-0.319354870170753
2023-11-24 13:00:00,11522800,12.2,70811520.0,12.08,207526970.0,12.21,69125630.0,12.07,315715900.0,6607330370,18867955040,12.09,12.13,-0.275821914843397
2023-11-24 13:30:00,6612009,12.14,50082586.0,12.08,76660923.0,12.15,55246800.0,12.07,184064251.0,6566809274,18977468316,12.13,12.1,-0.25105921131076203
2023-11-24 14:00:00,5583573,12.13,38060693.0,12.09,234973428.0,12.14,78305850.0,12.08,472133709.0,6772651738,19027274943,12.1,12.12,-0.26757449169549
2023-11-24 14:30:00,7780118,12.14,63173612.0,12.09,221522824.0,12.15,104594225.0,12.08,404449151.0,5977132375,16981855915,12.12,11.91,-0.092788518955893
2023-11-27 09:30:00,31535113,12.05,37817346.0,11.85,60105182.0,12.06,46032742.0,11.84,96195761.0,3910161560,6066131629,11.91,11.84,0.025305791657168
2023-11-27 10:00:00,15290026,11.93,67777462.0,11.81,140354150.0,11.94,55436012.0,11.8,365461832.0,4736582898,7185212874,11.84,11.76,0.05089069507471201
2023-11-27 10:30:00,15294170,11.85,72119147.0,11.72,147819028.0,11.86,49782539.0,11.71,283611258.0,3806522566,7559406735,11.76,11.71,0.068085369396535
2023-11-27 11:00:00,11386099,11.76,59834155.0,11.66,151384644.0,11.77,30826056.0,11.65,451838756.0,3749376222,7687891711,11.71,11.71,0.059600006138147005
2023-11-27 11:30:00,1500,11.71,1449000.0,11.7,432000.0,11.72,1275000.0,11.69,1764000.0,133950000,383778090,11.71,11.71,0.05110743662559201
2023-11-27 12:00:00,0,11.71,1449000.0,11.7,432000.0,11.72,1275000.0,11.69,1764000.0,133950000,383778090,11.71,11.71,0.05110743662559201
2023-11-27 12:30:00,0,11.71,1449000.0,11.7,432000.0,11.72,1275000.0,11.69,1764000.0,133950000,383778090,11.71,11.8,-0.025456101994341004
2023-11-27 13:00:00,7506624,11.82,36737020.0,11.7,25495732.0,11.83,67445300.0,11.69,41925776.0,3953795036,7941978520,11.8,11.8,-0.05949868806235101
2023-11-27 13:30:00,5632100,11.83,40502518.0,11.78,47220600.0,11.84,49455256.0,11.77,78013200.0,4516903840,8028408545,11.8,11.8,-0.068027473227525
2023-11-27 14:00:00,3377000,11.82,31449300.0,11.78,78198100.0,11.83,55923000.0,11.77,99787100.0,4674861708,8127168194,11.8,11.8,-0.04246290881451101
2023-11-27 14:30:00,8151283,11.83,50233770.0,11.78,79121624.0,11.84,71851700.0,11.77,112558918.0,3986184703,7293874690,11.8,11.87,-0.101609680314083
2023-11-28 09:30:00,18164793,11.87,30991383.0,11.7,33448153.0,11.88,46993792.0,11.69,54140972.0,3715710325,7862296763,11.87,11.82,-0.16205045447378902
2023-11-28 10:00:00,5033300,11.88,41994913.0,11.78,27222164.0,11.89,68209384.0,11.77,52028500.0,5393489564,9575948741,11.82,11.79,-0.18836173343694299
2023-11-28 10:30:00,3597620,11.83,35847520.0,11.76,41952440.0,11.84,36703300.0,11.75,89076920.0,5427994560,10265077572,11.79,11.78,-0.231869554896495
2023-11-28 11:00:00,3405536,11.79,37703381.0,11.74,58841626.0,11.8,33976467.0,11.73,131198846.0,5295472970,10435405776,11.78,11.77,-0.197346601922316
2023-11-28 11:30:00,100,11.78,1452000.0,11.77,1813410.0,11.79,1479000.0,11.76,3852000.0,272383410,521364720,11.77,11.77,-0.206015869912175
2023-11-28 12:00:00,0,11.78,1452000.0,11.77,1813410.0,11.79,1479000.0,11.76,3852000.0,272383410,521364720,11.77,11.77,-0.206015869912175
2023-11-28 12:30:00,0,11.78,1452000.0,11.77,1813410.0,11.79,1479000.0,11.76,3852000.0,272383410,521364720,11.77,11.73,-0.171973283844164
2023-11-28 13:00:00,3699048,11.79,36487651.0,11.72,55919307.0,11.8,59663643.0,11.71,159749671.0,5533947247,10504532132,11.73,11.72,-0.189497487796623
2023-11-28 13:30:00,4461400,11.74,70813548.0,11.71,214462204.0,11.75,75346500.0,11.7,551474900.0,5613611304,10795808654,11.72,11.75,-0.23246849698747604
2023-11-28 14:00:00,3822100,11.76,48609000.0,11.72,60673300.0,11.77,89237400.0,11.71,148829700.0,5783438700,10585480964,11.75,11.75,-0.25863510589919403
2023-11-28 14:30:00,5823393,11.77,122943425.0,11.74,105500343.0,11.78,124829900.0,11.73,194432800.0,4601147643,9394381605,11.75,11.63,-0.138530353892938
2023-11-29 09:30:00,18441200,11.78,31285195.0,11.56,79321668.0,11.79,38032144.0,11.55,141918700.0,3569546568,5478735450,11.63,11.57,-0.060685058363807
2023-11-29 10:00:00,8856448,11.63,75653092.0,11.56,120806610.0,11.64,97309920.0,11.55,238297552.0,4799067654,6368739432,11.57,11.51,-0.017391308731267
2023-11-29 10:30:00,13692446,11.58,140474728.0,11.5,199195707.0,11.59,261576568.0,11.49,348838269.0,4394768614,7051447016,11.51,11.54,-0.034722257107491
2023-11-29 11:00:00,5262847,11.56,27900082.0,11.51,62745030.0,11.57,53876036.0,11.5,143640344.0,4111089034,6807706666,11.54,11.53,-0.043459433895470995
2023-11-29 11:30:00,7100,11.54,259740.0,11.53,1199430.0,11.55,3528000.0,11.52,4185000.0,205346430,343406580,11.53,11.53,-0.043459433895470995
2023-11-29 12:00:00,0,11.54,259740.0,11.53,1199430.0,11.55,3528000.0,11.52,4185000.0,205346430,343406580,11.53,11.53,-0.043459433895470995
2023-11-29 12:30:00,0,11.54,259740.0,11.53,1199430.0,11.55,3528000.0,11.52,4185000.0,205346430,343406580,11.53,11.5,-0.017406444777838
2023-11-29 13:00:00,9964781,11.55,37341620.0,11.42,144454763.0,11.56,51678180.0,11.41,275035636.0,3703778738,6979274288,11.5,11.48,-0.043649130847009
2023-11-29 13:30:00,4232800,11.5,34715300.0,11.45,51938680.0,11.51,35444500.0,11.44,107885300.0,3615604880,7028102500,11.48,11.45,-0.026235257723845
2023-11-29 14:00:00,7452694,11.48,33789625.0,11.43,59400881.0,11.49,52277400.0,11.42,140903392.0,3703520940,7094735425,11.45,11.47,-0.008722198546857
2023-11-29 14:30:00,10343873,11.5,48538492.0,11.44,78852266.0,11.51,63074080.0,11.43,120672020.0,3280059844,6131304452,11.47,11.5,-0.026121042279250002
2023-11-30 09:30:00,10317349,11.55,27035849.0,11.4,32202660.0,11.56,52112800.0,11.39,39729900.0,3264435660,5468110333,11.5,11.49,-0.157898017326352
2023-11-30 10:00:00,4469401,11.54,33223900.0,11.47,53308196.0,11.55,61604900.0,11.46,65875535.0,3578058368,6770122600,11.49,11.5,-0.13129291441792598
2023-11-30 10:30:00,3365699,11.53,47877379.0,11.47,31020282.0,11.54,89951400.0,11.46,62770100.0,3789997782,7025880967,11.5,11.48,-0.026166608911717
2023-11-30 11:00:00,2231400,11.51,41433800.0,11.47,72810000.0,11.52,76740400.0,11.46,101894400.0,4120086900,7146232984,11.48,11.48,-0.069930354909706
2023-11-30 11:30:00,900,11.49,189000.0,11.48,1110000.0,11.5,2385000.0,11.47,6246000.0,202881000,363135120,11.48,11.48,-0.069930354909706
2023-11-30 12:00:00,0,11.49,189000.0,11.48,1110000.0,11.5,2385000.0,11.47,6246000.0,202881000,363135120,11.48,11.48,-0.069930354909706
2023-11-30 12:30:00,0,11.49,189000.0,11.48,1110000.0,11.5,2385000.0,11.47,6246000.0,202881000,363135120,11.48,11.43,-0.026281224062696
2023-11-30 13:00:00,4425232,11.53,45136058.0,11.43,73330984.0,11.54,53911693.0,11.42,133296111.0,4202631937,7429647559,11.43,11.42,-0.070299059282583
2023-11-30 13:30:00,4257035,11.47,38116200.0,11.41,65752200.0,11.48,35024137.0,11.4,187832000.0,4199078000,7604608440,11.42,11.46,-0.034965070587293
2023-11-30 14:00:00,3050200,11.46,44240380.0,11.41,64262300.0,11.47,65170720.0,11.4,136367100.0,4236085000,7533993998,11.46,11.47,-0.10517187213867601
2023-11-30 14:30:00,4579584,11.47,40343300.0,11.44,95794956.0,11.48,81166630.0,11.43,134022580.0,3373418536,6524425580,11.47,11.31,0.088028737459548
2023-12-01 09:30:00,16671909,11.49,62804734.0,11.28,116814803.0,11.5,49159480.0,11.27,122445800.0,3249260503,4206984246,11.31,11.35,-0.079611212158674
2023-12-01 10:00:00,9153848,11.38,62803444.0,11.31,129651364.0,11.39,50720000.0,11.3,223427964.0,4914848564,4890160444,11.35,11.45,-0.185108855347038
2023-12-01 10:30:00,10871901,11.53,49898529.0,11.34,56663000.0,11.54,73959432.0,11.33,52178800.0,5320827120,4981386661,11.45,11.4,-0.150245866500982
2023-12-01 11:00:00,4253400,11.46,50954800.0,11.38,35483500.0,11.47,45752600.0,11.37,77620700.0,5118657000,5899668208,11.4,11.4,-0.159154553058993
2023-12-01 11:30:00,0,11.41,1623000.0,11.4,1371000.0,11.42,1539000.0,11.39,2556000.0,251214000,298366530,11.4,11.4,-0.159154553058993
2023-12-01 12:00:00,0,11.41,1623000.0,11.4,1371000.0,11.42,1539000.0,11.39,2556000.0,251214000,298366530,11.4,11.4,-0.159154553058993
2023-12-01 12:30:00,0,11.41,1623000.0,11.4,1371000.0,11.42,1539000.0,11.39,2556000.0,251214000,298366530,11.4,11.34,-0.106383982050553
2023-12-01 13:00:00,5515300,11.41,45080120.0,11.31,102549206.0,11.42,44093500.0,11.3,228427800.0,5396224206,6223924400,11.34,11.42,-0.15887359762319203
2023-12-01 13:30:00,6596800,11.45,30646700.0,11.34,34606700.0,11.46,38966400.0,11.33,77399300.0,6036464700,6402686300,11.42,11.35,-0.11519843832861101
2023-12-01 14:00:00,6960426,11.43,45681719.0,11.35,87066901.0,11.44,45003614.0,11.34,131266115.0,5837064316,6669825081,11.35,11.41,-0.203636961470312
2023-12-01 14:30:00,5783552,11.41,68110100.0,11.35,98148247.0,11.42,52915100.0,11.34,138067475.0,4736577432,5961941340,11.41,11.26,-0.07130154984591401
2023-12-04 09:30:00,24106682,11.4,69376996.0,11.18,84773126.0,11.41,59767269.0,11.17,138856504.0,3762927730,4556060878,11.26,11.24,-0.22493076050014998
2023-12-04 10:00:00,7421300,11.27,65036100.0,11.21,78690500.0,11.28,51552675.0,11.2,149036000.0,5891031200,5294113000,11.24,11.23,-0.22513332668967
2023-12-04 10:30:00,6556560,11.24,134534188.0,11.2,228882961.0,11.25,54887683.0,11.19,362371300.0,6204260821,5737114633,11.23,11.22,-0.252721031007152
2023-12-04 11:00:00,4151611,11.24,101954564.0,11.21,124811049.0,11.25,81076600.0,11.2,282331814.0,6817101310,5952121000,11.22,11.22,-0.252721031007152
2023-12-04 11:30:00,3300,11.23,9867000.0,11.22,3107940.0,11.24,2625000.0,11.21,8516730.0,339819870,309876900,11.22,11.22,-0.252721031007152
2023-12-04 12:00:00,0,11.23,9867000.0,11.22,3107940.0,11.24,2625000.0,11.21,8516730.0,339819870,309876900,11.22,11.22,-0.252721031007152
2023-12-04 12:30:00,0,11.23,9867000.0,11.22,3107940.0,11.24,2625000.0,11.21,8516730.0,339819870,309876900,11.22,11.24,-0.270530474717096
2023-12-04 13:00:00,4602389,11.24,75196325.0,11.2,121917322.0,11.25,84102400.0,11.19,312510060.0,6965231022,6209540195,11.24,11.22,-0.252721031007152
2023-12-04 13:30:00,3772100,11.26,81873700.0,11.21,86689400.0,11.27,100732500.0,11.2,165997960.0,7312999400,6186784252,11.22,11.18,-0.262815307820836
2023-12-04 14:00:00,9354306,11.22,201553980.0,11.16,351227364.0,11.23,116299300.0,11.15,612120440.0,6583383804,6868251940,11.18,11.18,-0.308834717154526
2023-12-04 14:30:00,9531307,11.2,58599406.0,11.17,186508225.0,11.21,145764344.0,11.16,231152427.0,4597949852,5888221042,11.18,10.99,-0.18365989145486505
2023-12-05 09:30:00,25616263,11.15,55938006.0,10.95,64703288.0,11.16,60950734.0,10.94,123595100.0,3652814688,4444974061,10.99,10.98,-0.27702602549335803
2023-12-05 10:00:00,10312937,11.02,53467184.0,10.96,114132593.0,11.03,68187079.0,10.95,167334800.0,5411740493,5460446420,10.98,10.94,-0.138060177237919
2023-12-05 10:30:00,8821780,11.01,63994301.0,10.93,219685641.0,11.02,70616823.0,10.92,336063080.0,5847743561,5881928782,10.94,10.94,-0.073394824880459
2023-12-05 11:00:00,4422480,10.97,55824384.0,10.93,86182144.0,10.98,64736184.0,10.92,221217100.0,5741084344,5994648468,10.94,10.94,-0.09182800982335101
2023-12-05 11:30:00,2000,10.94,6000.0,10.93,11928000.0,10.95,4837440.0,10.92,12651000.0,293937000,306879540,10.94,10.94,-0.09182800982335101
2023-12-05 12:00:00,0,10.94,6000.0,10.93,11928000.0,10.95,4837440.0,10.92,12651000.0,293937000,306879540,10.94,10.94,-0.09182800982335101
2023-12-05 12:30:00,0,10.94,6000.0,10.93,11928000.0,10.95,4837440.0,10.92,12651000.0,293937000,306879540,10.94,10.94,-0.09182800982335101
2023-12-05 13:00:00,10347800,10.95,44585046.0,10.89,293271296.0,10.96,54803748.0,10.88,467041800.0,5571262096,6372691102,10.94,10.89,0.0
2023-12-05 13:30:00,6174100,10.94,54701262.0,10.89,275475800.0,10.95,72917444.0,10.88,410367300.0,6137121000,6732216502,10.89,10.84,0.036832454162967
2023-12-05 14:00:00,9836200,10.9,121128157.0,10.84,253452795.0,10.91,149802677.0,10.83,252899584.0,4599418079,7002836390,10.84,10.79,0.055453007164252
2023-12-05 14:30:00,18305757,10.85,64275666.0,10.78,250996303.0,10.86,89104760.0,10.77,253325558.0,2951365016,6157236681,10.79,10.68,0.157922464544197
2023-12-06 09:30:00,21041216,10.82,57526217.0,10.66,71737511.0,10.83,61237031.0,10.65,88595626.0,3008029534,4228223223,10.68,10.79,0.018518523810735
2023-12-06 10:00:00,9355366,10.83,59100411.0,10.68,45545256.0,10.84,79950296.0,10.67,47671254.0,3750725360,4762535216,10.79,10.86,-0.036900410874536
2023-12-06 10:30:00,5621429,10.86,64525428.0,10.79,57609860.0,10.87,109773516.0,10.78,62185860.0,4509232020,5176566675,10.86,10.84,0.0
2023-12-06 11:00:00,4924000,10.88,52747900.0,10.82,87735600.0,10.89,83519000.0,10.81,71230000.0,4739090000,5165648300,10.84,10.84,0.07352974305258701
2023-12-06 11:30:00,0,10.85,2001000.0,10.84,543000.0,10.86,2724000.0,10.83,3087000.0,239632500,258051000,10.84,10.84,0.07352974305258701
2023-12-06 12:00:00,0,10.85,2001000.0,10.84,543000.0,10.86,2724000.0,10.83,3087000.0,239632500,258051000,10.84,10.84,0.07352974305258701
2023-12-06 12:30:00,0,10.85,2001000.0,10.84,543000.0,10.86,2724000.0,10.83,3087000.0,239632500,258051000,10.84,10.89,0.027510333718896
2023-12-06 13:00:00,5556901,10.9,60906723.0,10.81,48967759.0,10.91,83863538.0,10.8,81941920.0,4974686329,5300056070,10.89,10.88,0.009186955170723
2023-12-06 13:30:00,5607871,10.93,57509245.0,10.87,34741834.0,10.94,73649805.0,10.86,73615024.0,5180488914,5280696066,10.88,10.85,0.055147198585108005
2023-12-06 14:00:00,4868773,10.9,47979316.0,10.84,59268200.0,10.91,83932400.0,10.83,124217264.0,5004239868,5621579716,10.85,10.85,0.064308903302903
2023-12-06 14:30:00,4377825,10.86,100168200.0,10.83,98593093.0,10.87,75895400.0,10.82,151905352.0,4311262045,5115058700,10.85,10.81,0.09208168193862401
2023-12-07 09:30:00,12149454,10.88,37861298.0,10.75,50664083.0,10.89,42547138.0,10.74,98867895.0,3311282543,4262609861,10.81,10.82,-0.027764941482922998
2023-12-07 10:00:00,4783654,10.84,37812242.0,10.78,61004060.0,10.85,65444442.0,10.77,72901900.0,3996626960,4974102924,10.82,10.84,-0.009229349986008
2023-12-07 10:30:00,5624550,10.87,58533224.0,10.8,38327687.0,10.88,116034209.0,10.79,70666700.0,4386872987,5309160891,10.84,10.92,-0.138314791484615
2023-12-07 11:00:00,5535487,10.92,92442084.0,10.84,64683416.0,10.93,149760091.0,10.83,73082280.0,4889522696,5301226115,10.92,10.92,-0.11049836186584701
2023-12-07 11:30:00,3700,10.92,7493790.0,10.91,4090800.0,10.93,6966000.0,10.9,7512000.0,255648600,271094790,10.92,10.92,-0.11049836186584701
2023-12-07 12:00:00,0,10.92,7493790.0,10.91,4090800.0,10.93,6966000.0,10.9,7512000.0,255648600,271094790,10.92,10.92,-0.11049836186584701
2023-12-07 12:30:00,0,10.92,7493790.0,10.91,4090800.0,10.93,6966000.0,10.9,7512000.0,255648600,271094790,10.92,10.89,-0.08298802814695
2023-12-07 13:00:00,5508480,10.95,48536993.0,10.88,41049040.0,10.96,79910600.0,10.87,74274340.0,4955887220,6265925201,10.89,10.91,-0.09208168193862401
2023-12-07 13:30:00,3707300,10.94,61559825.0,10.88,39910760.0,10.95,119508296.0,10.87,69204472.0,5109953552,6751995440,10.91,10.92,-0.10124338665641901
2023-12-07 14:00:00,3320000,10.94,55235759.0,10.89,44528042.0,10.95,142489701.0,10.88,87605100.0,5100625782,6897085624,10.92,10.91,-0.082835264266436
2023-12-07 14:30:00,4280398,10.93,63744128.0,10.89,87373998.0,10.94,121018700.0,10.88,153921600.0,3906941198,6176148968,10.91,10.79,0.0
2023-12-08 09:30:00,11805850,10.89,53084378.0,10.77,86584152.0,10.9,57413586.0,10.76,142122396.0,2953973748,4297868551,10.79,10.83,-0.290418537033354
2023-12-08 10:00:00,5559697,10.84,61560948.0,10.77,104662010.0,10.85,76000308.0,10.76,200817758.0,3524068268,5144200668,10.83,10.77,-0.28250466285852
2023-12-08 10:30:00,5737821,10.83,52098394.0,10.76,126385240.0,10.84,55950970.0,10.75,239906324.0,3602780964,5420994070,10.77,10.8,-0.291237117219682
2023-12-08 11:00:00,6145016,10.81,38550723.0,10.74,100137466.0,10.82,74144162.0,10.73,185097588.0,3443338930,5698941630,10.8,10.8,-0.272189492413144
2023-12-08 11:30:00,2000,10.8,48000.0,10.79,923760.0,10.81,7604370.0,10.78,6419040.0,182604360,282455670,10.8,10.8,-0.272189492413144
2023-12-08 12:00:00,0,10.8,48000.0,10.79,923760.0,10.81,7604370.0,10.78,6419040.0,182604360,282455670,10.8,10.8,-0.272189492413144
2023-12-08 12:30:00,0,10.8,48000.0,10.79,923760.0,10.81,7604370.0,10.78,6419040.0,182604360,282455670,10.8,10.81,-0.281444467622571
2023-12-08 13:00:00,4295879,10.83,26276557.0,10.78,44522286.0,10.84,112068128.0,10.77,71947244.0,3951282978,5730671181,10.81,10.81,-0.281444467622571
2023-12-08 13:30:00,3124100,10.82,25747500.0,10.79,46598300.0,10.83,85857612.0,10.78,119495868.0,4001685200,5875594000,10.81,10.82,-0.309738510101298
2023-12-08 14:00:00,4846700,10.83,25154440.0,10.79,48093000.0,10.84,89088288.0,10.78,111581304.0,3927496300,5676679300,10.82,10.79,-0.149395869161867
2023-12-08 14:30:00,6672282,10.83,52766315.0,10.77,67741086.0,10.84,65411504.0,10.76,130993204.0,3098731554,5079162571,10.79,10.52,0.094608085042287
2023-12-11 09:30:00,25410200,10.65,58838464.0,10.48,56063300.0,10.66,53178900.0,10.47,129780500.0,2185220100,3669066064,10.52,10.47,0.347289711290548
2023-12-11 10:00:00,9770913,10.54,60120612.0,10.47,92091144.0,10.55,79189616.0,10.46,147497156.0,2873600926,4613770028,10.47,10.49,0.328205736032942
2023-12-11 10:30:00,9521910,10.5,113280673.0,10.43,59668772.0,10.51,103577025.0,10.42,92096141.0,3091195613,5071802351,10.49,10.51,0.32759129616929605
2023-12-11 11:00:00,4730862,10.52,78250592.0,10.45,45358464.0,10.53,121168800.0,10.44,72156522.0,3663034352,4976466292,10.51,10.51,0.501032430749019
2023-12-11 11:30:00,2800,10.51,2640000.0,10.5,7599000.0,10.52,5148000.0,10.49,1215000.0,195867000,237687000,10.51,10.51,0.501032430749019
2023-12-11 12:00:00,0,10.51,2640000.0,10.5,7599000.0,10.52,5148000.0,10.49,1215000.0,195867000,237687000,10.51,10.51,0.501032430749019
2023-12-11 12:30:00,0,10.51,2640000.0,10.5,7599000.0,10.52,5148000.0,10.49,1215000.0,195867000,237687000,10.51,10.51,0.501032430749019
2023-12-11 13:00:00,7547700,10.55,71915500.0,10.47,49537300.0,10.56,85912300.0,10.46,71165400.0,4336132500,4791128700,10.51,10.49,0.410888797802413
2023-12-11 13:30:00,6445700,10.53,61753300.0,10.48,80943800.0,10.54,71053600.0,10.47,125255800.0,4417641300,4961009500,10.49,10.63,0.29659263908653205
2023-12-11 14:00:00,9697440,10.65,78139760.0,10.49,50128200.0,10.66,93750900.0,10.48,67657200.0,4841443000,4524861431,10.63,10.62,0.324252584733466
2023-12-11 14:30:00,8084148,10.66,69949605.0,10.6,93914281.0,10.67,92650500.0,10.59,114925814.0,4138270871,4005038805,10.62,10.84,0.155609547230883
2023-12-12 09:30:00,33011069,10.92,40406384.0,10.67,49394886.0,10.93,76059670.0,10.66,88561980.0,3544631461,5842728002,10.84,10.84,-0.064785048432027
2023-12-12 10:00:00,20403544,10.96,56294516.0,10.82,70830676.0,10.97,86673740.0,10.81,87217476.0,4987153456,7430582872,10.84,10.86,-0.139084300461318
2023-12-12 10:30:00,6169800,10.88,51686300.0,10.81,62625500.0,10.89,64010800.0,10.8,87684900.0,4991300500,8512488500,10.86,11.05,-0.312525435041042
2023-12-12 11:00:00,19217215,11.05,109816940.0,10.85,50208170.0,11.06,177370620.0,10.84,65591180.0,5268822450,7864479741,11.05,11.05,-0.303192723211056
2023-12-12 11:30:00,56300,11.05,1101000.0,11.04,3504000.0,11.06,5748000.0,11.03,764550.0,283060500,315271410,11.05,11.05,-0.312525435041042
2023-12-12 12:00:00,0,11.05,1101000.0,11.04,3504000.0,11.06,5748000.0,11.03,764550.0,283060500,315271410,11.05,11.05,-0.312525435041042
2023-12-12 12:30:00,0,11.05,1101000.0,11.04,3504000.0,11.06,5748000.0,11.03,764550.0,283060500,315271410,11.05,10.93,-0.20333417728789702
2023-12-12 13:00:00,12967000,11.09,63623008.0,10.93,129588356.0,11.1,64044285.0,10.92,85368174.0,5663744010,8343082965,10.93,10.95,-0.259033909488479
2023-12-12 13:30:00,4601391,10.95,114174500.0,10.91,69491666.0,10.96,83243732.0,10.9,144315642.0,5575542373,9013101278,10.95,10.97,-0.27728208973477303
2023-12-12 14:00:00,7552926,11.03,62998196.0,10.93,37318939.0,11.04,82928273.0,10.92,86293013.0,5241833402,8979708920,10.97,11.01,-0.294952256976346
2023-12-12 14:30:00,9308373,11.02,92226676.0,10.96,74094135.0,11.03,121809776.0,0.0,98048779.0,4344712154,7979811084,11.01,10.77,-0.121440072547991
2023-12-13 09:30:00,27233617,10.85,47757122.0,10.7,69655867.0,10.86,41656699.0,10.69,123735600.0,3270494967,6553902215,10.77,10.71,-0.093809318337658
2023-12-13 10:00:00,10377875,10.78,34771300.0,10.69,132933500.0,10.79,52661300.0,10.68,233875900.0,4191514800,7619632500,10.71,10.71,-0.065574005461592
2023-12-13 10:30:00,6600800,10.74,42091600.0,10.68,166281080.0,10.75,42045200.0,10.67,335482700.0,4110515480,7895590100,10.71,10.72,-0.131457292125025
2023-12-13 11:00:00,4329407,10.73,40549660.0,10.68,105107214.0,10.74,47172200.0,10.67,309461218.0,4303674432,8111324756,10.72,10.71,-0.103238833416359
2023-12-13 11:30:00,2000,10.72,48000.0,10.71,2330790.0,10.73,1578000.0,10.7,20640000.0,227471790,405021120,10.71,10.71,-0.103238833416359
2023-12-13 12:00:00,0,10.72,48000.0,10.71,2330790.0,10.73,1578000.0,10.7,20640000.0,227471790,405021120,10.71,10.71,-0.103238833416359
2023-12-13 12:30:00,0,10.72,48000.0,10.71,2330790.0,10.73,1578000.0,10.7,20640000.0,227471790,405021120,10.71,10.67,-0.065820641956402
2023-12-13 13:00:00,9392005,10.75,37804308.0,10.65,91234454.0,10.76,38644700.0,10.64,212483019.0,4126336725,8404855251,10.67,10.67,-0.12258522200445601
2023-12-13 13:30:00,7824037,10.7,49328400.0,10.63,98175812.0,10.71,33392000.0,10.62,189770843.0,3507498578,8491275100,10.67,10.69,-0.14131181923737698
2023-12-13 14:00:00,5707802,10.72,52210066.0,10.65,51604588.0,10.73,61031124.0,10.64,83647500.0,3780701288,8533332914,10.69,10.64,-0.09442940800282001
2023-12-13 14:30:00,14684000,10.71,103699700.0,10.62,85721400.0,10.72,92694700.0,10.61,124019800.0,3100711800,7709850100,10.64,10.61,-0.11374530217685701
2023-12-14 09:30:00,16228625,10.77,64853788.0,10.6,93965411.0,10.78,74472504.0,10.59,102491321.0,2875079716,5852889576,10.61,10.64,0.093546051672204
2023-12-14 10:00:00,7346580,10.65,41501318.0,10.58,60360600.0,10.66,35966700.0,10.57,88651217.0,3186961351,7137570318,10.64,10.58,0.09407407101895202
2023-12-14 10:30:00,6558317,10.65,36247219.0,10.57,58244696.0,10.66,41842260.0,10.56,121890252.0,3472489687,7555040979,10.58,10.6,0.177657781520217
2023-12-14 11:00:00,4113881,10.62,24465420.0,10.58,65236465.0,10.63,34327700.0,10.57,133626500.0,3653764765,7800383656,10.6,10.6,0.168385643628297
2023-12-14 11:30:00,100,10.6,6000.0,10.59,1794000.0,10.61,1539000.0,10.58,8934000.0,187497000,396843960,10.6,10.6,0.168385643628297
2023-12-14 12:00:00,0,10.6,6000.0,10.59,1794000.0,10.61,1539000.0,10.58,8934000.0,187497000,396843960,10.6,10.6,0.168385643628297
2023-12-14 12:30:00,0,10.6,6000.0,10.59,1794000.0,10.61,1539000.0,10.58,8934000.0,187497000,396843960,10.6,10.54,0.22515022367635099
2023-12-14 13:00:00,5790621,10.61,53341084.0,10.53,124689258.0,10.62,51148300.0,10.52,215960494.0,3968290652,8228831584,10.54,10.54,0.131952904188326
2023-12-14 13:30:00,5147808,10.55,63901060.0,10.51,115590848.0,10.56,83068900.0,10.5,320474120.0,4059960768,8434169660,10.54,10.54,0.09442940800282001
2023-12-14 14:00:00,3792602,10.58,84555100.0,10.52,77655129.0,10.59,74904100.0,10.51,192365649.0,4562966084,8348565400,10.54,10.49,0.141980615052923
2023-12-14 14:30:00,11489400,10.55,60582330.0,10.47,167170946.0,10.56,71451314.0,10.46,328092200.0,3369450946,7438167408,10.49,10.74,-0.10294896726862102
2023-12-15 09:30:00,31446775,10.79,75570200.0,10.64,70827918.0,10.8,145585700.0,10.63,86467347.0,3833272124,7815961254,10.74,10.68,0.009358915049051
2023-12-15 10:00:00,8084500,10.74,59137325.0,10.67,68253020.0,10.75,67609260.0,10.66,138802100.0,4246933620,10660236890,10.68,10.79,-0.13059887114609
2023-12-15 10:30:00,17347466,10.81,125696428.0,10.68,56793192.0,10.82,247173574.0,10.67,45797118.0,5361393870,10095033016,10.79,10.78,-0.158956128549596
2023-12-15 11:00:00,3846807,10.79,99451497.0,10.76,58119214.0,10.8,235729560.0,10.75,71365398.0,5785757134,11117542929,10.78,10.78,-0.18727139050697703
2023-12-15 11:30:00,6700,10.78,61050.0,10.77,5169000.0,10.79,11496000.0,10.76,3462030.0,284922030,556850460,10.78,10.78,-0.18727139050697703
2023-12-15 12:00:00,0,10.78,61050.0,10.77,5169000.0,10.79,11496000.0,10.76,3462030.0,284922030,556850460,10.78,10.78,-0.18727139050697703
2023-12-15 12:30:00,0,10.78,61050.0,10.77,5169000.0,10.79,11496000.0,10.76,3462030.0,284922030,556850460,10.78,10.68,-0.09407407101895202
2023-12-15 13:00:00,7796006,10.79,35628638.0,10.65,113708880.0,10.8,36237994.0,10.64,168265756.0,4833579437,11963682086,10.68,10.64,-0.09442940800282001
2023-12-15 13:30:00,5661295,10.69,58810800.0,10.62,113253530.0,10.7,66278460.0,10.61,194984975.0,4448694405,12532702360,10.64,10.64,-0.09442940800282001
2023-12-15 14:00:00,5248901,10.66,25947227.0,10.62,107012505.0,10.67,40451096.0,10.61,222376088.0,4480411093,12379667324,10.64,10.63,-0.104019850442926
2023-12-15 14:30:00,7757951,10.65,76714200.0,10.6,137503748.0,10.66,85295600.0,0.0,369427769.0,3481594097,10934575929,10.63,10.69,-0.15080398891069702
2023-12-18 09:30:00,20747718,10.75,44233288.0,10.42,34671012.0,10.76,67357124.0,10.41,39117308.0,2475291960,4737287348,10.69,10.65,-0.189579137446145
2023-12-18 10:00:00,10529600,10.76,67258696.0,10.65,82395700.0,10.77,89624785.0,10.64,86854700.0,3303820200,6741478921,10.65,10.61,-0.15194974215071802
2023-12-18 10:30:00,4724700,10.69,30326200.0,10.6,58411300.0,10.7,27357400.0,10.59,135138800.0,3401823300,7592233465,10.61,10.58,-0.152383901049324
2023-12-18 11:00:00,4012891,10.62,18501300.0,10.57,83644318.0,10.63,29942300.0,10.56,116553300.0,3378565018,7843611230,10.58,10.58,-0.171596202828263
2023-12-18 11:30:00,500,10.58,648000.0,10.57,2883270.0,10.59,240000.0,10.56,5016000.0,163530270,391870050,10.58,10.58,-0.171596202828263
2023-12-18 12:00:00,0,10.58,648000.0,10.57,2883270.0,10.59,240000.0,10.56,5016000.0,163530270,391870050,10.58,10.58,-0.171596202828263
2023-12-18 12:30:00,0,10.58,648000.0,10.57,2883270.0,10.59,240000.0,10.56,5016000.0,163530270,391870050,10.58,10.54,-0.13371736965889
2023-12-18 13:00:00,5855700,10.59,32696108.0,10.51,50582989.0,10.6,30205900.0,10.5,120409200.0,3647219989,8234409438,10.54,10.54,-0.14333738002080001
2023-12-18 13:30:00,3175137,10.57,18823100.0,10.52,65710820.0,10.58,26302500.0,10.51,162017500.0,4183391520,8272054400,10.54,10.52,-0.172583382292805
2023-12-18 14:00:00,3733900,10.55,27811300.0,10.51,162011100.0,10.56,36104500.0,10.5,309771100.0,4175186200,8120185300,10.52,10.53,-0.201445660924672
2023-12-18 14:30:00,5374678,10.56,32683116.0,10.5,97482708.0,10.57,62621726.0,10.49,317084800.0,3511156508,7078667082,10.53,10.45,-0.047961722634926
2023-12-19 09:30:00,10502124,10.54,29787090.0,10.43,46530204.0,10.55,58111439.0,10.42,76139570.0,3079353774,3915712446,10.45,10.45,-0.10582109330536399
2023-12-19 10:00:00,10014632,10.48,48569050.0,10.39,56078340.0,10.49,47700900.0,10.38,217897124.0,3402466198,4819271638,10.45,10.42,-0.09643276271804099
2023-12-19 10:30:00,5565700,10.48,36742962.0,10.41,51460910.0,10.49,46675160.0,10.4,144703790.0,3907262218,5148545467,10.42,10.4,-0.09661910911737
2023-12-19 11:00:00,4993800,10.43,50850496.0,10.39,244289436.0,10.44,45620700.0,10.38,400979746.0,3909728824,5661732796,10.4,10.4,-0.086915081184586
2023-12-19 11:30:00,100,10.4,6000.0,10.39,5279460.0,10.41,2097000.0,10.38,23556000.0,169088460,286578450,10.4,10.4,-0.077220460939102
2023-12-19 12:00:00,0,10.4,6000.0,10.39,5279460.0,10.41,2097000.0,10.38,23556000.0,169088460,286578450,10.4,10.4,-0.077220460939102
2023-12-19 12:30:00,0,10.4,6000.0,10.39,5279460.0,10.41,2097000.0,10.38,23556000.0,169088460,286578450,10.4,10.39,-0.067600450577192
2023-12-19 13:00:00,6276582,10.41,30429880.0,10.35,92799966.0,10.42,45510500.0,10.34,190839742.0,3173479208,5920632680,10.39,10.34,0.0
2023-12-19 13:30:00,5427183,10.4,42259427.0,10.33,128935825.0,10.41,86664364.0,10.32,145756772.0,3331473431,6031433676,10.34,10.32,0.019361090268663
2023-12-19 14:00:00,7224942,10.35,83152758.0,10.3,202591100.0,10.36,123131756.0,10.29,404592200.0,3202052200,6241210042,10.32,10.4,-0.077220460939102
2023-12-19 14:30:00,9128933,10.4,80095580.0,10.29,94778848.0,10.41,93867016.0,10.28,144797333.0,2777400969,5093859204,10.4,10.34,-0.07767029337659699
2023-12-20 09:30:00,10906879,10.43,79579732.0,10.31,29941008.0,10.44,107970908.0,10.3,60887721.0,2648840834,4817343420,10.34,10.32,0.029027596579611
2023-12-20 10:00:00,7093715,10.34,81831336.0,10.28,76338537.0,10.35,89157584.0,10.27,120264871.0,3036290571,6053258104,10.32,10.3,0.029083878959572002
2023-12-20 10:30:00,4264200,10.35,46161568.0,10.3,50955839.0,10.36,63785949.0,10.29,78475568.0,3348703631,5971831241,10.3,10.31,0.06766579708874
2023-12-20 11:00:00,2090089,10.34,37017295.0,10.3,24939318.0,10.35,100836800.0,10.29,72097009.0,3500759266,5954740353,10.31,10.32,0.048332621880189004
2023-12-20 11:30:00,100,10.32,894000.0,10.31,240000.0,10.33,1698000.0,10.3,2491170.0,177667170,301390140,10.32,10.32,0.048332621880189004
2023-12-20 12:00:00,0,10.32,894000.0,10.31,240000.0,10.33,1698000.0,10.3,2491170.0,177667170,301390140,10.32,10.32,0.048332621880189004
2023-12-20 12:30:00,0,10.32,894000.0,10.31,240000.0,10.33,1698000.0,10.3,2491170.0,177667170,301390140,10.32,10.34,0.028971531611525003
2023-12-20 13:00:00,2677900,10.34,41922100.0,10.3,30850915.0,10.35,102349700.0,10.29,111618491.0,3822765905,6139066210,10.34,10.34,0.057859370670438004
2023-12-20 13:30:00,6401976,10.36,109214476.0,10.31,71396024.0,10.37,197829412.0,10.3,117006551.0,4048597724,6290145988,10.34,10.32,0.086831225734607
2023-12-20 14:00:00,7415474,10.38,114444961.0,10.3,94089638.0,10.39,133590218.0,10.29,166645382.0,4119246064,6149558958,10.32,10.26,0.125909653685125
2023-12-20 14:30:00,7918865,10.32,66797822.0,10.26,115631044.0,10.33,80002790.0,10.25,191148057.0,3030924701,5697908512,10.26,10.35,0.06740516613843
2023-12-21 09:30:00,15170200,10.37,45267536.0,10.18,44935500.0,10.38,78856160.0,10.17,43859900.0,2601677600,3767232441,10.35,10.33,0.009675859487359
2023-12-21 10:00:00,8439256,10.4,63497780.0,10.3,63279800.0,10.41,102168846.0,10.29,89744700.0,3340127100,5076249108,10.33,10.38,-0.019286409064056
2023-12-21 10:30:00,9033219,10.44,73578183.0,10.33,59619164.0,10.45,120201969.0,10.32,74224902.0,3780871214,5110826123,10.38,10.37,0.028887839058913005
2023-12-21 11:00:00,4605796,10.4,34069874.0,10.34,41931040.0,10.41,33438444.0,10.33,82073290.0,3861663884,5814472660,10.37,10.37,0.105516566514602
2023-12-21 11:30:00,0,10.37,804000.0,10.36,2466000.0,10.38,2412000.0,10.35,2262300.0,193998300,293734530,10.37,10.37,0.105516566514602
2023-12-21 12:00:00,0,10.37,804000.0,10.36,2466000.0,10.38,2412000.0,10.35,2262300.0,193998300,293734530,10.37,10.37,0.105516566514602
2023-12-21 12:30:00,0,10.37,804000.0,10.36,2466000.0,10.38,2412000.0,10.35,2262300.0,193998300,293734530,10.37,10.4,0.07662872745568901
2023-12-21 13:00:00,4146178,10.44,66859861.0,10.36,34512666.0,10.45,122092000.0,10.35,49231302.0,4126414398,5912403246,10.4,10.41,0.019193863858033
2023-12-21 13:30:00,4120300,10.43,82107028.0,10.38,27605200.0,10.44,161432248.0,10.37,33332400.0,4183640000,6014404174,10.41,10.39,0.0
2023-12-21 14:00:00,3019431,10.42,103111732.0,10.38,51854752.0,10.43,162727408.0,10.37,77480000.0,4236817369,6315443779,10.39,10.42,-0.038461585874784
2023-12-21 14:30:00,5992125,10.43,208635950.0,10.38,54836018.0,10.44,221634792.0,10.37,114193988.0,3487542300,5376531574,10.42,10.34,0.048239360308528004
2023-12-22 09:30:00,9890696,10.43,56799954.0,10.32,66859110.0,10.44,61938578.0,10.31,112834512.0,2854066726,3945939115,10.34,10.36,-0.028999536997895002
2023-12-22 10:00:00,5798637,10.38,61648915.0,10.31,81645393.0,10.39,63550619.0,10.3,172377582.0,3173751859,4539164934,10.36,10.4,-0.086915081184586
2023-12-22 10:30:00,3833784,10.41,73300309.0,10.34,27241962.0,10.42,75180846.0,10.33,48815483.0,3510861956,4563857667,10.4,10.48,-0.17324783657306
2023-12-22 11:00:00,9563609,10.5,90571147.0,10.39,54259393.0,10.51,110383325.0,10.38,58357944.0,3748676537,4680083336,10.48,10.48,-0.182961290469378
2023-12-22 11:30:00,13500,10.49,1554000.0,10.48,207000.0,10.5,8871000.0,10.47,1059000.0,173175000,241013910,10.48,10.48,-0.192684188658769
2023-12-22 12:00:00,0,10.49,1554000.0,10.48,207000.0,10.5,8871000.0,10.47,1059000.0,173175000,241013910,10.48,10.48,-0.192684188658769
2023-12-22 12:30:00,0,10.49,1554000.0,10.48,207000.0,10.5,8871000.0,10.47,1059000.0,173175000,241013910,10.48,10.43,-0.144860089856617
2023-12-22 13:00:00,7411500,10.47,28115880.0,10.37,22681700.0,10.48,45655260.0,10.36,40636600.0,3149205300,5749265840,10.43,10.39,-0.077295070822676
2023-12-22 13:30:00,3092600,10.44,37397900.0,10.38,40431680.0,10.45,56979620.0,10.37,91572300.0,3173665580,6099134747,10.39,10.38,-0.077369825021524
2023-12-22 14:00:00,3475585,10.41,59706865.0,10.35,49865240.0,10.42,70949650.0,10.34,103076600.0,3021685840,6359354280,10.38,10.39,-0.096712552651778
2023-12-22 14:30:00,3583571,10.39,77324680.0,10.36,96158255.0,10.4,105852500.0,10.35,159869531.0,2723031158,5757466127,10.39,10.33,-0.019379851026788
2023-12-25 09:30:00,7738938,10.38,19050172.0,10.31,54760788.0,10.39,38048960.0,10.3,108568880.0,2704213708,3934039713,10.33,10.31,-0.11707450794235101
2023-12-25 10:00:00,5295774,10.34,21444640.0,10.29,90390626.0,10.35,37057100.0,10.28,182476600.0,2887013826,4939484416,10.31,10.3,-0.127016851751213
2023-12-25 10:30:00,2321600,10.33,30022500.0,10.29,33433900.0,10.34,51207000.0,10.28,105857500.0,2968591200,5261915880,10.3,10.29,-0.117303397854895
2023-12-25 11:00:00,1981600,10.32,33787600.0,10.28,118093800.0,10.33,51826820.0,10.27,213394500.0,3121632600,5547101238,10.29,10.28,-0.10758049966550401
2023-12-25 11:30:00,600,10.29,24000.0,10.28,11604000.0,10.3,2823000.0,10.27,5964000.0,152319000,278565660,10.28,10.28,-0.10758049966550401
2023-12-25 12:00:00,0,10.29,24000.0,10.28,11604000.0,10.3,2823000.0,10.27,5964000.0,152319000,278565660,10.28,10.28,-0.10758049966550401
2023-12-25 12:30:00,0,10.29,24000.0,10.28,11604000.0,10.3,2823000.0,10.27,5964000.0,152319000,278565660,10.28,10.31,-0.13672087968399801
2023-12-25 13:00:00,2816861,10.33,38874040.0,10.28,55594812.0,10.34,45166320.0,10.27,98620600.0,3144519312,5532164006,10.31,10.3,-0.146701897477936
2023-12-25 13:30:00,1864601,10.32,48989100.0,10.29,61235720.0,10.33,66791300.0,10.28,141784195.0,2959222715,5752118052,10.3,10.29,-0.097657026113249
2023-12-25 14:00:00,2080600,10.32,71323280.0,10.29,192660787.0,10.33,118025300.0,10.28,246842433.0,3084594786,5974088348,10.29,10.31,-0.146558558785327
2023-12-25 14:30:00,2975600,10.32,79625380.0,10.29,117831731.0,10.33,100084040.0,10.28,208082036.0,2650017061,5274067638,10.31,10.19,-0.019646371741646
2023-12-26 09:30:00,8164080,10.33,66789358.0,10.19,161594236.0,10.34,44516075.0,10.18,205708400.0,2330247736,3760537757,10.19,10.17,-0.049285462011492004
2023-12-26 10:00:00,7300717,10.23,65527062.0,10.14,97109197.0,10.24,65626922.0,10.13,171139134.0,2455756171,4645036660,10.17,10.17,-0.039408917998766
2023-12-26 10:30:00,3812894,10.19,72794248.0,10.15,77824244.0,10.2,122524200.0,10.14,195580458.0,3023997484,4964897893,10.17,10.17,-0.019685045726722
2023-12-26 11:00:00,2101800,10.18,47969764.0,10.15,107416652.0,10.19,147720324.0,10.14,259648248.0,3315790254,5117339940,10.17,10.17,0.019646371741646
2023-12-26 11:30:00,6500,10.17,651000.0,10.16,2214000.0,10.18,3657000.0,10.15,16017000.0,165245940,248545440,10.17,10.17,0.019646371741646
2023-12-26 12:00:00,0,10.17,651000.0,10.16,2214000.0,10.18,3657000.0,10.15,16017000.0,165245940,248545440,10.17,10.17,0.019646371741646
2023-12-26 12:30:00,0,10.17,651000.0,10.16,2214000.0,10.18,3657000.0,10.15,16017000.0,165245940,248545440,10.17,10.15,0.039331417468368
2023-12-26 13:00:00,3454120,10.18,81050920.0,10.14,71747880.0,10.19,64803100.0,10.13,299155346.0,3301155102,5330524224,10.15,10.19,-0.059055289740412
2023-12-26 13:30:00,3351300,10.19,94882100.0,10.14,126667400.0,10.2,113732400.0,10.13,260027700.0,3554311900,5502424944,10.19,10.16,-0.009847366625392
2023-12-26 14:00:00,2652500,10.19,85925900.0,10.15,65236500.0,10.2,143819300.0,10.14,219983200.0,3699118100,5493040624,10.16,10.17,0.0
2023-12-26 14:30:00,3962835,10.18,61856770.0,10.15,89865047.0,10.19,159651700.0,10.14,319520456.0,3236647376,4964300690,10.17,10.12,0.059113472630571005
2023-12-27 09:30:00,9654155,10.25,45115404.0,10.09,45484436.0,10.26,63148071.0,10.08,75596300.0,2300791836,4555973520,10.12,10.13,0.11776387323825199
2023-12-27 10:00:00,3508300,10.17,50827900.0,10.11,31575400.0,10.18,98269900.0,10.1,77286400.0,3329330600,5275503924,10.13,10.15,0.175785776437509
2023-12-27 10:30:00,3478180,10.16,66421240.0,10.1,82885400.0,10.17,82064380.0,10.09,109392940.0,3653423640,5435250116,10.15,10.19,0.232794217780476
2023-12-27 11:00:00,3325150,10.21,44797900.0,10.13,31725940.0,10.22,87054800.0,10.12,33338690.0,3806071680,5187106294,10.19,10.19,0.28061831658262804
2023-12-27 11:30:00,24000,10.2,762000.0,10.19,870000.0,10.21,1491000.0,10.18,6450000.0,203439000,247222500,10.19,10.19,0.27107177647812003
2023-12-27 12:00:00,0,10.2,762000.0,10.19,870000.0,10.21,1491000.0,10.18,6450000.0,203439000,247222500,10.19,10.19,0.27107177647812003
2023-12-27 12:30:00,0,10.2,762000.0,10.19,870000.0,10.21,1491000.0,10.18,6450000.0,203439000,247222500,10.19,10.13,0.330127066218532
2023-12-27 13:00:00,4512485,10.21,40432200.0,10.13,46175750.0,10.22,63856000.0,10.12,76234225.0,3795979180,5511359300,10.13,10.15,0.33901551675681296
2023-12-27 13:30:00,3161334,10.16,47112100.0,10.12,36853581.0,10.17,82793400.0,10.11,93647891.0,3917056216,6037640250,10.15,10.17,0.31933047103009
2023-12-27 14:00:00,2820040,10.17,75710800.0,10.11,54326100.0,10.18,63593000.0,10.1,128458500.0,4098750700,5807880850,10.17,10.18,0.31902173766483005
2023-12-27 14:30:00,3418136,10.18,109473440.0,10.16,118835467.0,10.19,118476960.0,0.0,135760072.0,3654377339,5102722434,10.18,10.25,0.250494793044424
2023-12-28 09:30:00,15044519,10.3,77408391.0,10.1,62994529.0,10.31,89218805.0,10.09,94178911.0,3238431722,4297332342,10.25,10.33,0.125061755052295
2023-12-28 10:00:00,10760955,10.35,99025727.0,10.25,99918361.0,10.36,170295637.0,10.24,104548800.0,4397374369,5402577705,10.33,10.43,0.038277558697643
2023-12-28 10:30:00,11960952,10.45,94587432.0,10.33,63449486.0,10.46,185376164.0,10.32,77310440.0,4744768666,5314888015,10.43,10.48,0.009537435153097
2023-12-28 11:00:00,10819383,10.51,57986239.0,10.42,52421479.0,10.52,107882100.0,10.41,61257520.0,4937928699,5572568711,10.48,10.47,-0.019120464716255
2023-12-28 11:30:00,19099,10.47,57030.0,10.46,3057000.0,10.48,3093000.0,10.45,3291000.0,244986000,295023120,10.47,10.47,-0.019120464716255
2023-12-28 12:00:00,0,10.47,57030.0,10.46,3057000.0,10.48,3093000.0,10.45,3291000.0,244986000,295023120,10.47,10.47,-0.019120464716255
2023-12-28 12:30:00,0,10.47,57030.0,10.46,3057000.0,10.48,3093000.0,10.45,3291000.0,244986000,295023120,10.47,10.5,-0.047732787526579
2023-12-28 13:00:00,7088919,10.52,76872644.0,10.46,129791656.0,10.53,144110910.0,10.45,104085884.0,5818037040,6084490954,10.5,10.5,-0.076482208382566
2023-12-28 13:30:00,6327600,10.54,107908466.0,10.49,62370800.0,10.55,234508008.0,10.48,59698800.0,5028378400,6594728162,10.5,10.51,-0.057252064780399
2023-12-28 14:00:00,7793767,10.56,85633887.0,10.5,75500921.0,10.57,187914840.0,10.49,77935401.0,4990870921,6691254515,10.51,10.51,-0.047687262520828
2023-12-28 14:30:00,8550934,10.52,109364576.0,10.48,100226087.0,10.53,149971334.0,10.47,134086952.0,4333687039,5926733150,10.51,10.46,0.0
